<KicadtoNgspice><source><v3 name="Source type">sine<field1 name="Offset Value">0.9</field1><field2 name="Amplitude">0.9</field2><field3 name="Frequency">1k</field3><field4 name="Delay Time">0</field4><field5 name="Damping Factor">0</field5></v3><v1 name="Source type">sine<field1 name="Offset Value">0.9</field1><field2 name="Amplitude">0.9</field2><field3 name="Frequency">500</field3><field4 name="Delay Time">0</field4><field5 name="Damping Factor">0</field5></v1><v2 name="Source type">sine<field1 name="Offset Value">0.9</field1><field2 name="Amplitude">0.9</field2><field3 name="Frequency">250</field3><field4 name="Delay Time">0</field4><field5 name="Damping Factor">0</field5></v2><v1 name="Source type">pulse<field1 name="Initial Value">0</field1><field2 name="Pulse Value">5</field2><field3 name="Delay Time">20</field3><field4 name="Rise Time">0</field4><field5 name="Fall Time">0</field5><field5 name="Pulse width">20</field5><field5 name="Period">50</field5></v1><v3 name="Source type">pulse<field1 name="Initial Value">0</field1><field2 name="Pulse Value">5</field2><field3 name="Delay Time">10</field3><field4 name="Rise Time">0</field4><field5 name="Fall Time">0</field5><field5 name="Pulse width">10</field5><field5 name="Period">20</field5></v3><v2 name="Source type">pulse<field1 name="Initial Value">0</field1><field2 name="Pulse Value">5</field2><field3 name="Delay Time">5</field3><field4 name="Rise Time">0</field4><field5 name="Fall Time">0</field5><field5 name="Pulse width">5</field5><field5 name="Period">10</field5></v2></source><model><u1 name="type">d_nand<field1 name="Enter Rise Delay (default=1.0e-9)" /><field2 name="Enter Fall Delay (default=1.0e-9)" /><field3 name="Enter Input Load (default=1.0e-12)" /></u1><u2 name="type">d_nand<field4 name="Enter Rise Delay (default=1.0e-9)" /><field5 name="Enter Fall Delay (default=1.0e-9)" /><field6 name="Enter Input Load (default=1.0e-12)" /></u2><u3 name="type">d_nand<field7 name="Enter Rise Delay (default=1.0e-9)" /><field8 name="Enter Fall Delay (default=1.0e-9)" /><field9 name="Enter Input Load (default=1.0e-12)" /></u3><u4 name="type">d_nand<field10 name="Enter Rise Delay (default=1.0e-9)" /><field11 name="Enter Fall Delay (default=1.0e-9)" /><field12 name="Enter Input Load (default=1.0e-12)" /></u4><u5 name="type">d_nand<field13 name="Enter Rise Delay (default=1.0e-9)" /><field14 name="Enter Fall Delay (default=1.0e-9)" /><field15 name="Enter Input Load (default=1.0e-12)" /></u5><u6 name="type">d_nand<field16 name="Enter Rise Delay (default=1.0e-9)" /><field17 name="Enter Fall Delay (default=1.0e-9)" /><field18 name="Enter Input Load (default=1.0e-12)" /></u6><u7 name="type">d_nand<field19 name="Enter Rise Delay (default=1.0e-9)" /><field20 name="Enter Fall Delay (default=1.0e-9)" /><field21 name="Enter Input Load (default=1.0e-12)" /></u7><u8 name="type">d_nand<field22 name="Enter Rise Delay (default=1.0e-9)" /><field23 name="Enter Fall Delay (default=1.0e-9)" /><field24 name="Enter Input Load (default=1.0e-12)" /></u8><u9 name="type">d_nand<field25 name="Enter Rise Delay (default=1.0e-9)">1.0e-9</field25><field26 name="Enter Fall Delay (default=1.0e-9)">1.0e-9</field26><field27 name="Enter Input Load (default=1.0e-12)">1.0e-12</field27></u9><u4 name="type">adc_bridge<field1 name="Enter value for in_low (default=1.0)">1</field1><field2 name="Enter value for in_high (default=2.0)">2</field2><field3 name="Enter Rise Delay (default=1.0e-9)">1.0e-9</field3><field4 name="Enter Fall Delay (default=1.0e-9)">1.0e-9</field4></u4><u5 name="type">d_nor<field5 name="Enter Rise Delay (default=1.0e-9)">1.0e-9</field5><field6 name="Enter Fall Delay (default=1.0e-9)">1.0e-9</field6><field7 name="Enter Input Load (default=1.0e-12)">1.0e-12</field7></u5><u6 name="type">d_nor<field8 name="Enter Rise Delay (default=1.0e-9)">1.0e-9</field8><field9 name="Enter Fall Delay (default=1.0e-9)">1.0e-9</field9><field10 name="Enter Input Load (default=1.0e-12)">1.0e-12</field10></u6><u7 name="type">d_nor<field11 name="Enter Rise Delay (default=1.0e-9)">1.0e-9</field11><field12 name="Enter Fall Delay (default=1.0e-9)">1.0e-9</field12><field13 name="Enter Input Load (default=1.0e-12)">1.0e-12</field13></u7><u8 name="type">d_nor<field14 name="Enter Rise Delay (default=1.0e-9)">1.0e-9</field14><field15 name="Enter Fall Delay (default=1.0e-9)">1.0e-9</field15><field16 name="Enter Input Load (default=1.0e-12)">1.0e-12</field16></u8><u10 name="type">d_nand<field20 name="Enter Rise Delay (default=1.0e-9)">1.0e-9</field20><field21 name="Enter Fall Delay (default=1.0e-9)">1.0e-9</field21><field22 name="Enter Input Load (default=1.0e-12)">1.0e-12</field22></u10><u11 name="type">d_nand<field23 name="Enter Rise Delay (default=1.0e-9)">1.0e-9</field23><field24 name="Enter Fall Delay (default=1.0e-9)">1.0e-9</field24><field25 name="Enter Input Load (default=1.0e-12)">1.0e-12</field25></u11><u12 name="type">d_nand<field26 name="Enter Rise Delay (default=1.0e-9)">1.0e-9</field26><field27 name="Enter Fall Delay (default=1.0e-9)">1.0e-9</field27><field28 name="Enter Input Load (default=1.0e-12)">1.0e-12</field28></u12><u13 name="type">dac_bridge<field29 name="Enter value for out_low (default=0.0)">0</field29><field30 name="Enter value for out_high (default=5.0)">5</field30><field31 name="Enter value for out_undef (default=0.5)">0.5</field31><field32 name="Enter value for input load (default=1.0e-12)">1.0e-12</field32><field33 name="Enter the Rise Time (default=1.0e-9)">1.0e-9</field33><field34 name="Enter the Fall Time (default=1.0e-9)">1.0e-9</field34></u13><u16 name="type">d_or<field35 name="Enter Rise Delay (default=1.0e-9)">1.0e-9</field35><field36 name="Enter Fall Delay (default=1.0e-9)">1.0e-9</field36><field37 name="Enter Input Load (default=1.0e-12)">1.0e-12</field37></u16><u17 name="type">d_or<field38 name="Enter Rise Delay (default=1.0e-9)">1.0e-9</field38><field39 name="Enter Fall Delay (default=1.0e-9)">1.0e-9</field39><field40 name="Enter Input Load (default=1.0e-12)">1.0e-12</field40></u17><u18 name="type">d_or<field41 name="Enter Rise Delay (default=1.0e-9)">1.0e-9</field41><field42 name="Enter Fall Delay (default=1.0e-9)">1.0e-9</field42><field43 name="Enter Input Load (default=1.0e-12)">1.0e-12</field43></u18><u20 name="type">d_or<field44 name="Enter Rise Delay (default=1.0e-9)">1.0e-9</field44><field45 name="Enter Fall Delay (default=1.0e-9)">1.0e-9</field45><field46 name="Enter Input Load (default=1.0e-12)">1.0e-12</field46></u20><u19 name="type">d_nand<field47 name="Enter Rise Delay (default=1.0e-9)">1.0e-9</field47><field48 name="Enter Fall Delay (default=1.0e-9)">1.0e-9</field48><field49 name="Enter Input Load (default=1.0e-12)">1.0e-12</field49></u19><u21 name="type">d_nand<field50 name="Enter Rise Delay (default=1.0e-9)">1.0e-9</field50><field51 name="Enter Fall Delay (default=1.0e-9)">1.0e-9</field51><field52 name="Enter Input Load (default=1.0e-12)">1.0e-12</field52></u21><u23 name="type">d_inverter<field53 name="Enter Rise Delay (default=1.0e-9)">1.0e-9</field53><field54 name="Enter Fall Delay (default=1.0e-9)">1.0e-9</field54><field55 name="Enter Input Load (default=1.0e-12)">1.0e-12</field55></u23><u22 name="type">d_inverter<field56 name="Enter Rise Delay (default=1.0e-9)">1.0e-9</field56><field57 name="Enter Fall Delay (default=1.0e-9)">1.0e-9</field57><field58 name="Enter Input Load (default=1.0e-12)">1.0e-12</field58></u22><u24 name="type">d_inverter<field59 name="Enter Rise Delay (default=1.0e-9)">1.0e-9</field59><field60 name="Enter Fall Delay (default=1.0e-9)">1.0e-9</field60><field61 name="Enter Input Load (default=1.0e-12)">1.0e-12</field61></u24></model><devicemodel /><subcircuit><xu4><field /></xu4><xu5><field /></xu5><xu6><field /></xu6><xu7><field /></xu7><xu8><field /></xu8><xu9><field /></xu9><xu10><field /></xu10><xu11><field /></xu11><xu12><field /></xu12><xu13><field /></xu13><xu14><field /></xu14><xu15><field /></xu15><xu2><field /></xu2><xu3><field /></xu3><xu1><field /></xu1><xu16><field /></xu16><xu17><field /></xu17><xu18><field /></xu18><xu20><field /></xu20><xu19><field /></xu19><xu21><field /></xu21><xu23><field /></xu23><xu22><field /></xu22><xu24><field /></xu24></subcircuit><analysis><ac><field1 name="Lin">true</field1><field2 name="Dec">false</field2><field3 name="Oct">false</field3><field4 name="Start Frequency" /><field5 name="Stop Frequency" /><field6 name="No. of points" /><field7 name="Start Fre Combo">Hz</field7><field8 name="Stop Fre Combo">Hz</field8></ac><dc><field1 name="Source 1" /><field2 name="Start" /><field3 name="Increment" /><field4 name="Stop" /><field5 name="Operating Point">0</field5><field6 name="Start Combo">Volts or Amperes</field6><field7 name="Increment Combo">Volts or Amperes</field7><field8 name="Stop Combo">Volts or Amperes</field8><field9 name="Source 2" /><field10 name="Start" /><field11 name="Increment" /><field12 name="Stop" /><field13 name="Start Combo">Volts or Amperes</field13><field14 name="Increment Combo">Volts or Amperes</field14><field15 name="Stop Combo">Volts or Amperes</field15></dc><tran><field1 name="Start Time">0</field1><field2 name="Step Time">20</field2><field3 name="Stop Time">40</field3><field4 name="Start Combo">sec</field4><field5 name="Step Combo">ms</field5><field6 name="Stop Combo">sec</field6></tran></analysis></KicadtoNgspice>